Property ID,Geographic ID,Type,Property Address,Legal Description,Owner Name,Doing Business As,Appraised Value
555377,14614-003-0070,"Real","8830 BRAE PARK DR  SAN ANTONIO, TX 78249","NCB 14614   BLK 3   LOT  7  (OAKRIDGE POINTE SUBD UT-1)","","","369,500"
731236,19099-012-1570,"Real","11051 KIMES PARK DR  SAN ANTONIO, TX 78249","NCB 19099   BLK 12   LOT 157 (PARKWOOD UT-6B) "HAUSMAN/PRUE RD" ANNXATN"," GUTIERREZ MA CARMEN","","290,000"
999699,04782-517-1899,"Real","602 BENTLEY MNR  SHAVANO PARK, TX 78249","CB 4782E   BLK 17   LOT 1899  SHAVANO PARK SUB'D UT-17I","1 WEBB CAPITAL LLC","","2,072,600"
599027,15918-007-0170,"Real","6730 SPRING LARK ST  SAN ANTONIO, TX 78249","NCB 15918  BLK    7 LOT   17  ","101 TEXAS LLC","","303,000"
605548,16098-011-0020,"Real","11202 BERKLEY SQ  SAN ANTONIO, TX 78249","NCB 16098  BLK 11  LOT 2  CHELSEA CREEK UT-1","11202 BERKLEY SQUARE LLC","","259,909"
629127,16810-019-1940,"Real","11222 PRAIRIE SPRINGS DR  SAN ANTONIO, TX 78249","NCB 16810  BLK  19  LOT 194  ","11222 PRAIRIE SPRINGS LLC","","254,170"
731018,19097-010-0640,"Real","11338 CANDLE PARK  SAN ANTONIO, TX 78249","NCB 19097   BLK 10   LOT 64 (PARKWOOD UT-4) "HAUSMAN/PRUE RD" ANNXATN","11338 CANDLEPARK TRUST","","200,000"
630382,16843-030-0090,"Real","11827 GALLERY VIEW ST  SAN ANTONIO, TX 78249","NCB 16843 BLK 30 LOT 9  ","11827 GALLERY VIEW ST BRANDT TRUST","","243,590"
621340,16598-024-0050,"Real","11919 DAWNHAVEN ST  SAN ANTONIO, TX 78249","NCB 16598  BLK   24 LOT    5  ","11919 DAWNHAVEN LLC","","276,620"
647936,17264-003-1010,"Real","12622 CARRIAGE BLVD  SAN ANTONIO, TX 78249","NCB 17264 BLK 3  LOT 101  "CARRIAGE HILLS, PHASE IV"","12622 CB LLC","","250,000"
631933,16882-012-0070,"Real","13919 S VILLAGE DR  SAN ANTONIO, TX 78249","NCB 16882   BLK  12  LOT  7  ","13 SOUTH VILLAGE REED LLC","","253,820"
1048417,14861-019-0500,"Real","13114 OXFORD BND  SAN ANTONIO, TX 78249","(THE PARK AT UNIVERSITY HILLS SUBD UT-4), BLOCK 19 LOT 50","13114 OXFORD BEND REVOCABLE TRUST","","268,610"
1323814,14616-009-0060,"Real","13330 ROWDY COVE  SAN ANTONIO, 78249","NCB 14616 (STADIUM POINTE UT-1), BLOCK 9 LOT 6","13330 ROWDY COVE UNIT 1 AND UNIT 2 TRUST","","529,500"
648656,17276-025-0320,"Real","13343 PECAN GLADE  SAN ANTONIO, TX 78249","NCB 17276  BLK  25  LOT  32  (HUNTERS CHASE SUBD UT-15)","13343 PECAN GLADE LLC","","219,390"
591306,15825-009-0200,"Real","13649 W INTERSTATE 10  SAN ANTONIO, TX 78249","NCB 15825   BLK  9  LOT  20  BOAZMAN IH-10 SUBD","13649 IH 10 LLC & WESLEY 13649 IH 10 LLC","CALIBER COLLISION CENTER","6,222,850"
631968,16883-013-0180,"Real","13851 CHISOM CREEK ST   SAN ANTONIO, TX 78249","NCB 16883   BLK  13  LOT 18  ","13851 CHISOM CREEK SERIES","","280,280"
561217,14847-003-0041,"Real","15622 TRADESMAN  SAN ANTONIO, TX 78249","NCB  14847  BLK  3  LOT  NE IRR 250 FT OF 4 ","14000 TRADESMAN BUILDING LLC","ALAMO FABRICATORS","1,200,000"
636867,17019-024-0290,"Real","14003 ROCKY PINE WOODS ST  SAN ANTONIO, TX 78249","NCB 17019  BLK   24 LOT   29  ","14003 ROCKY PINE WOODS LAND TRUST","","300,000"
655963,17468-061-0510,"Real","14110 RED MAPLE WOOD  SAN ANTONIO, TX 78249","NCB 17468  BLK 61  LOT 51  (WOODS OF SHAVANO UT-20)","14110 RED MAPLE WOOD TRUST","","295,000"
636754,17017-020-0370,"Real","14211 BITTERNUT WOODS ST  SAN ANTONIO, TX 78249","NCB 17017 BLK 20 LOT 37  ","14211 BITTERNUT WOODS SERIES","","339,560"
707470,18602-052-0010,"Real","14303 INDIAN WOODS  SAN ANTONIO, TX 78249","NCB 18602 BLK 52 LOT 1  ","14303 INDIAN WOODS LLC","","369,000"
707472,18602-052-0030,"Real","14313 INDIAN WOODS  SAN ANTONIO, TX 78249","NCB 18602 BLK 52 LOT 3  ","14311-14313 INDIAN WOOD SERIESE OF TRUNEST RENTALS","","435,000"
624559,16634-004-0050,"Real","14500 ROAD RUNNER WAY  SAN ANTONIO, TX 78249","NCB 16634  BLK    4 LOT   5, SW IRR 4 FT OF 6 (.0069 AC)","14500 ROADRUNNER LLC","Greenway Apartments","3,700,000"
1174850,15825-013-0020,"Real","14838 VANCE JACKSON RD  SAN ANTONIO, TX 78249","NCB 15825 BLK 13 LOT 2 (WEST OAKS 352)","14838 VANCE JACKSON TX OWNER LP","WEST OAKS (352 UNITS)","49,000,000"
1229864,15825-029-0050,"Real","13805 IH 10 W  SAN ANTONIO, TX 78249","NCB 15825  (DISTRICT NORTH UT-7B), BLOCK 12 LOT 5","15000 IH 10 LTD","VISTA CORPORATE CENTER","28,500,000"
561195,14846-002-0071,"Real","15262 CAPITAL PRT  SAN ANTONIO, TX 78249","NCB 14846 BLK 002 LOT   7,8 & N 70 FT OF 9 ","15262 CAPITAL PORT LLC","FACADES XI (EXCESS LAND)","2,788,040"
561206,14846-002-0170,"Real","15420 CAPITAL PRT  SAN ANTONIO, TX 78249","NCB 14846    BLK 2    LOT 17 & 18     CAPITAL PORT SUBD","15420 CAPITAL PORT LLC","PRECISION CONTRACTING","1,324,720"
561209,14846-002-0191,"Real","15302 CAPITAL PRT  SAN ANTONIO, TX 78249","NCB 14846    BLK 2    LOT 19 & 20 ","15420 CAPITAL PORT LLC","","649,460"
561223,14847-003-0080,"Real","15444 TRADESMAN  SAN ANTONIO, TX 78249","NCB 14847 BLK 003 LOT    8  ","15440 TRADESMAN INC","","582,000"
1162522,14848-105-0020,"Real","15926 UNIVERSITY OAKS  SAN ANTONIO, TX 78249","NCB 14848 (TRADESMAN QUARRY), BLOCK 5 LOT 2","15926 UNIVERSITY OAK LLC","M S A PRECISSION INTERNATIONAL","1,775,000"
561170,14845-001-0030,"Real","15699 TRADESMAN  SAN ANTONIO, TX 78249","NCB 14845  BLK  1  LOT  3  ","16000 TRADESMAN BUILDING LTD","KOKOIST USA","1,355,000"
1117127,17704-002-0150,"Real","16010 VIA SHAVANO  SAN ANTONIO, TX 78249","NCB 17704  BLOCK 2 LOT 15 (SHAVANO COMMONS BUSINESS PARK)","16010 VIA SHAVANO LLC","SHAVANO COMMONS BUSINESS PARK","1,054,890"
707719,18612-102-0200,"Real","16018 UNIVERSITY OAK  SAN ANTONIO, TX 78249","NCB 18612 BLK 102 LOT 19 & 20  (UNIVERSITY OAK BUS. PARK)","16018 UNIVERSITY OAK LLC","THE PROBLEM SOLVERS","1,376,340"
1117125,17704-002-0130,"Real","16018 VIA SHAVANO  SAN ANTONIO, TX 78249","NCB 17704 BLOCK 2 LOT 13 (SHAVANO COMMONS BUSINESS PARK)","16018 VIA SHAVANO LLC","SHAVANO COMMONS BUSINESS PARK","845,470"
1331244,00000-133-1244,"Personal","16018 VIA SHAVANO  SAN ANTONIO, TX 78249","SHAVANO COMMONS BUSINESS 16018 VIA SHAVANO SOLAR PANEL EQUIPMENT","16018 VIA SHAVANO LLC","SHAVANO COMMONS BUSINESS","24,950"
559641,14759-004-0010,"Real","7403 W LOOP 1604  SAN ANTONIO, TX 78249","NCB 14759   BLK   4 LOT    1  ","1604 CAPITAL PARTNERS LLC","","900,000"