"Property ID","Geographic ID","Type","Property Address","Legal Description","Owner Name","Doing Business As","Appraised Value"
"1404631","14914-100-0040",,"10643 W MILITARY DR 4 SAN ANTONIO, TX 78251","NCB 14914 (THE COVE AT WESTOVER HILLS CONDOMINIUMS), UNIT 4","JAGANMOHAN PRANESH B & ARIGELA VIDYA",""
"1404633","14914-100-0060",,"10643 W MILITARY DR 6 SAN ANTONIO, TX 78251","NCB 14914 (THE COVE AT WESTOVER HILLS CONDOMINIUMS), UNIT 6","BORRA CHANDRAPAL REDDY",""
"1404636","14914-100-0090",,"10643 W MILITARY DR 9 SAN ANTONIO, TX 78251","NCB 14914 (THE COVE AT WESTOVER HILLS CONDOMINIUMS), UNIT 9","BILLA PRADEEP & ANUSHA",""
"1404637","14914-100-0100",,"10643 W MILITARY DR 10 SAN ANTONIO, TX 78251","NCB 14914 (THE COVE AT WESTOVER HILLS CONDOMINIUMS), UNIT 10","HANUMANNAGARI SHIREESHA &",""
"1404641","14914-100-0140",,"10643 W MILITARY DR 14 SAN ANTONIO, TX 78251","NCB 14914 (THE COVE AT WESTOVER HILLS CONDOMINIUMS), UNIT 14","RAMACHANDIRAN ELAIYADASAN",""
"1404644","14914-100-0170",,"10643 W MILITARY DR 17 SAN ANTONIO, TX 78251","NCB 14914 (THE COVE AT WESTOVER HILLS CONDOMINIUMS), UNIT 17","ADAPA SRIRAM & LAKSHMI SIRISHA",""
"1404649","14914-100-0220",,"10643 W MILITARY DR 22 SAN ANTONIO, TX 78251","NCB 14914 (THE COVE AT WESTOVER HILLS CONDOMINIUMS), UNIT 22","MEDA SUNIL KUMAR REDDY & BHAKARAPETA VAMSI",""
"1404651","14914-100-0240",,"10643 W MILITARY DR 24 SAN ANTONIO, TX 78251","NCB 14914 (THE COVE AT WESTOVER HILLS CONDOMINIUMS), UNIT 24","RAMAVARAPU FAMILY TRUST",""
"1404655","14914-100-0280",,"10643 W MILITARY DR 28 SAN ANTONIO, TX 78251","NCB 14914 (THE COVE AT WESTOVER HILLS CONDOMINIUMS), UNIT 28","SONTHINENI PAVANA V A B & KARI PALLAVI",""
"1404657","14914-100-0300",,"10643 W MILITARY DR 30 SAN ANTONIO, TX 78251","NCB 14914 (THE COVE AT WESTOVER HILLS CONDOMINIUMS), UNIT 30","UPPALA THIRUPATHI RAO",""
"1404658","14914-100-0310",,"10643 W MILITARY DR 31 SAN ANTONIO, TX 78251","NCB 14914 (THE COVE AT WESTOVER HILLS CONDOMINIUMS), UNIT 31","SOTH KAKNIKA & PHAL UDDOM P",""
"1404659","14914-100-0320",,"10643 W MILITARY DR 32 SAN ANTONIO, TX 78251","NCB 14914 (THE COVE AT WESTOVER HILLS CONDOMINIUMS), UNIT 32","DAGARA KIRANKUMAR R",""
"1404661","14914-100-0340",,"10643 W MILITARY DR 34 SAN ANTONIO, TX 78251","NCB 14914 (THE COVE AT WESTOVER HILLS CONDOMINIUMS), UNIT 34","PATEL SOHAMKUMAR",""
"1404662","14914-100-0350",,"10643 W MILITARY DR 35 SAN ANTONIO, TX 78251","NCB 14914 (THE COVE AT WESTOVER HILLS CONDOMINIUMS), UNIT 35","TAMRAKAR KRISHNA & YARLAGADDA RAJ KALKI",""
"1404665","14914-100-0380",,"10643 W MILITARY DR 38 SAN ANTONIO, TX 78251","NCB 14914 (THE COVE AT WESTOVER HILLS CONDOMINIUMS), UNIT 38","BILLA PRADEEP & ANUSHA",""
"1404674","14914-100-0470",,"10643 W MILITARY DR 47 SAN ANTONIO, TX 78251","NCB 14914 (THE COVE AT WESTOVER HILLS CONDOMINIUMS), UNIT 47","MAFRACHI ATHIR A",""
"1404680","14914-100-0530",,"10643 W MILITARY DR 53 SAN ANTONIO, TX 78251","NCB 14914 (THE COVE AT WESTOVER HILLS CONDOMINIUMS), UNIT 53","MURUGAN PREETHA & BALASUBRAMANIAN RAMANATHAN MARI",""
"1404684","14914-100-0570",,"10643 W MILITARY DR 57 SAN ANTONIO, TX 78251","NCB 14914 (THE COVE AT WESTOVER HILLS CONDOMINIUMS), UNIT 57","GUDUR RAJENDER R",""
"1404697","14914-100-0700",,"10643 W MILITARY DR 70 SAN ANTONIO, TX 78251","NCB 14914 (THE COVE AT WESTOVER HILLS CONDOMINIUMS), UNIT 70","RAJENDRAN MANIKANDAN",""
"1404699","14914-100-0720",,"10643 W MILITARY DR 72 SAN ANTONIO, TX 78251","NCB 14914 (THE COVE AT WESTOVER HILLS CONDOMINIUMS), UNIT 72","ARULPRAKASAM SATHIYARAJ",""
"1404702","14914-100-0750",,"10643 W MILITARY DR 75 SAN ANTONIO, TX 78251","NCB 14914 (THE COVE AT WESTOVER HILLS CONDOMINIUMS), UNIT 75","BHUSARAPU SIVA KRISHNA",""
"664493","17637-002-0011",,"5848 ROGERS RD  SAN ANTONIO, TX 78251","NCB 17637  BLK 2  LOT 1 (MOUNTAIN VIEW ACRES) ANNEX LABEL# TEX0435677/8/9","KUMAR SANJAY &",""
"664495","17637-002-0030",,"10558 MOUNTAIN VW   SAN ANTONIO, TX 78251","NCB 17637   BLK 2   LOT 3 (MOUNTAIN VIEW ACRES) MOUNTAIN VIEW"" ANNEXATION""","KUMAR SANJAY &",""
"664496","17637-002-0040",,"10548 MOUNTAIN VW   SAN ANTONIO, TX 78251","NCB 17637   BLK 2   LOT 4 (MOUNTAIN VIEW ACRES) MOUNTAIN VIEW"" ANNEXATION""","KUMAR SANJAY &",""
"664611","17637-009-0010",,"10446 MOUNT EVANS   SAN ANTONIO, TX 78251","NCB 17637   BLK 9   LOT 1 (MOUNTAIN VIEW ACRES) MOUNTAIN VIEW"" ANNEXATION""","REDDY VENKAT RAMAN P & VIJAYA P",""
"665186","17639-019-0060",,"9823 CRISWELL CRK  SAN ANTONIO, TX 78251","NCB 17639  BLK 19  LOT  6 (CREEKSIDE SUBD UT-2) MOUNTAIN VIEW"" ANNEXATION""","SINGH KARAM & SAINI RAMANPREET K",""
"665321","17639-020-0030",,"5739 DEERTAIL CRK  SAN ANTONIO, TX 78251","NCB 17639  BLK 20  LOT  3 (CREEKSIDE SUBD UT-2) MOUNTAIN VIEW"" ANNEXATION""","REDDY SUHAS",""
"665404","17639-021-0450",,"5602 CAMRY SPGS  SAN ANTONIO, TX 78251","NCB 17639   BLK 21   LOT 45  (CREEKSIDE SUBD UT-4)","KHAN NASEEM",""
"665743","17639-028-0190",,"5118 KAYLA BRK  SAN ANTONIO, TX 78251","NCB 17639   BLK 28   LOT 19  (CREEKSIDE SUBD UT-7)","BERIJI RAM & CHASHTARI MAHSA",""
"665902","17639-032-0360",,"9706 ALEXA PL  SAN ANTONIO, TX 78251","NCB 17639   BLK 32   LOT 36  (CREEKSIDE SUBD UT-6)","KANAUJIA GANGA & SADHANA",""
"1073707","17639-034-0150",,"5626 SENDERO SPG  SAN ANTONIO, TX 78251","NCB 17639 (THE VILLAGE SUBD UT-10), BLOCK 34 LOT 15","MOHAMMED ASMAA & MOHAMMED  SAJJAD",""
"666430","17642-003-0080",,"9811 RAMBLIN RIVER RD  SAN ANTONIO, TX 78251","NCB 17642   BLK 3   LOT 8 (HGTS @ WESTOVER HILLS U-1B) MOUNTAIN VIEW"" ANNEXATION""","HEMATI ASMATULLA",""
"666481","17642-004-0090",,"9926 RAMBLIN RIVER RD  SAN ANTONIO, TX 78251","NCB 17642   BLK 4   LOT 9 (HGTS @ WESTOVER HILLS U-2B) MOUNTAIN VIEW"" ANNEXATION""","CHACKO REGINA & LUKOSE BIJO",""
"1007083","17642-010-0040",,"4814 ROAN BRK  SAN ANTONIO, TX 78251","NCB 17642    BLK  10  LOT 4         WESTOVER VALLEY UT-1","THOMAS SOSAMMA & JOEL SAMUEL",""
"1042965","17642-013-0220",,"4935 GEMSBUCK CHASE  SAN ANTONIO, TX 78251","NCB 17642  BLK 13 LOT 22          WESTOVER VALLEY UT-2A","PHILIP JINOSH K",""
"666522","17642-016-0090",,"2015 REBECCAS TRL  SAN ANTONIO, TX 78251","NCB 17642  BLK 16  LOT  9  WESTOVER PLACE UT-1","BASIL ROSAMMA K",""
"1041878","17642-030-0110",,"9402 MARIPOSA PASS  SAN ANTONIO, TX 78251","NCB  17642  BLK  30  LOT  11        (THE FOREST @ WESTOVER PH IV & V)","PANDAY MANOJ & VASUDHA",""
"1039374","17642-032-0060",,"2102 DEWEY PT  SAN ANTONIO, TX 78251","NCB 17642  BLK 32 LOT 6            WOODS @ WESTOVER PHASE VI","PATEL PURVI",""
"1039402","17642-032-0220",,"2306 DEWEY PT  SAN ANTONIO, TX 78251","NCB 17642  BLK 32 LOT 22          WOODS @ WESTOVER PHASE VI","BHAKTA JAYESH S",""
"1039425","17642-032-0430",,"9507 SEQUOIA CV  SAN ANTONIO, TX 78251","NCB 17642  BLK 32 LOT 43          WOODS @ WESTOVER PHASE VI","THOMAS SMITHA S & SAJI P",""
"1085279","17642-043-0190",,"5223 ROAN BRK  SAN ANTONIO, TX 78251","NCB 17642 (WESTOVER VALLEY UT-2C), BLOCK 43 LOT 19","ABRAHAM PUSHPAMMA JOHNY & JOHNY",""
"666682","17643-001-0070",,"9031 RICH TRACE ST  SAN ANTONIO, TX 78251","NCB 17643   BLK 1   LOT 7 (RICHLAND HILLS UT-1) TIMBER RIDGE"" ANNEXATN""","FARIAS THOMAS A",""
"667089","17643-010-0080",,"9015 KOENIG  SAN ANTONIO, TX 78251","NCB 17643  BLK 10  LOT 8 (RICHLAND HILLS UT-4) TIMBER RIDGE"" ANNEXATN""","NANDURI PRANEET K & BHARDWAJ PARUL",""
"667318","17643-022-0070",,"9026 MINT JULEP  SAN ANTONIO, TX 78251","NCB 17643   BLK 22   LOT 7  TARA WEST","SETHI POOJA",""
"1017565","17643-026-0360",,"9242 WIND DANCER  SAN ANTONIO, TX 78251","NCB 17643  BLK 26 LOT 36 ENCLAVE AT WESTOVER  HILLS PH I","GEORGE KUNNATH & ALEYAMMA",""
"1017610","17643-026-0600",,"1510 WILD FIRE  SAN ANTONIO, TX 78251","NCB 17643  BLK 26 LOT 60 ENCLAVE AT WESTOVER  HILLS PH I","SHRESTHA YOGESH B & ANJU",""
"1074902","17643-026-0660",,"1534 WILD FIRE  SAN ANTONIO, TX 78251","NCB 17643 (ENCLAVE @ WESTOVER HILLS PHASE II), BLOCK 26 LOT 66","JARIWALA VIMALKUMAR B & RIYA",""
"1074909","17643-026-0730",,"1614 WILD FIRE  SAN ANTONIO, TX 78251","NCB 17643 (ENCLAVE @ WESTOVER HILLS PHASE II), BLOCK 26 LOT 73","PHILIP TONY & ABRAHAM RANI",""
"1137662","17643-026-1040",,"9727 WIND DANCER  SAN ANTONIO, TX 78251","NCB 17643 (ENCLAVE @ WESTOVER HILLS, PHASE III), BLOCK 26 LOT 104","BHAKTA PRADEEPKUMAR & PATEL RAMILA M",""
"1137676","17643-026-1180",,"9827 WIND DANCER  SAN ANTONIO, TX 78251","NCB 17643 (ENCLAVE @ WESTOVER HILLS, PHASE III), BLOCK 26 LOT 118","MANDAVI SAMI & MONA",""
"1137724","17643-027-0220",,"9746 WIND DANCER  SAN ANTONIO, TX 78251","NCB 17643 (ENCLAVE @ WESTOVER HILLS, PHASE III), BLOCK 27 LOT 22","ALNAZAL NOOR & SARAH",""
"668175","17671-002-0550",,"2602 CENTURY RNCH  SAN ANTONIO, TX 78251","NCB 17671   BLK 2   LOT 55  (LEGACY TRAILS UT-2A PUD)","BHAKTA HASMUKHBHAI R &",""
"1314184","17673-005-0520",,"103 TRANQUIL TERRACE  SAN ANTONIO, 78251","NCB 17673 (CARLSON PARK PHASE II), BLOCK 5 LOT 52","PADINJAREKUTTU SIBY M & THERESA M",""
"1314200","17673-005-0680",,"22 SERENA VISTA  SAN ANTONIO, 78251","NCB 17673 (CARLSON PARK PHASE II), BLOCK 5 LOT 68","BADRI-AALAEE NAHID",""
"1117848","17673-012-0020",,"2911 GRASSNOOK CT  SAN ANTONIO, TX 78251","NCB 17673 (AVIARA SUBDIVISION), BLOCK 12 LOT 2","PATEL RAJNIKANT & GEETA",""
"1117852","17673-012-0060",,"2914 GRASSNOOK CT  SAN ANTONIO, TX 78251","NCB 17673 (AVIARA SUBDIVISION), BLOCK 12 LOT 6","PATEL JIGNESH HASMUKHBHAI & ETAL",""
"1117866","17673-012-0200",,"9642 AVIARA GOLF  SAN ANTONIO, TX 78251","NCB 17673 (AVIARA SUBDIVISION), BLOCK 12 LOT 20","KAUR AMARJIT & RAJINDER PAUL SINGH",""
"1117884","17673-012-0380",,"9707 TORRINGTON  SAN ANTONIO, TX 78251","NCB 17673 (AVIARA SUBDIVISION), BLOCK 12 LOT 38","RIZVI NAJAM",""
"1117941","17673-013-0170",,"3019 HANFRO WAY  SAN ANTONIO, TX 78251","NCB 17673 (AVIARA SUBDIVISION), BLOCK 13 LOT 17","SIDDAGANGAIAH SHASHIDHAR B",""
"1117942","17673-013-0180",,"3015 HANFRO WAY  SAN ANTONIO, TX 78251","NCB 17673 (AVIARA SUBDIVISION), BLOCK 13 LOT 18","DESAI JITENDRABHAI N & SARLABAHEN J",""
"1117947","17673-013-0230",,"9634 AVIARA GDNS  SAN ANTONIO, TX 78251","NCB 17673 (AVIARA SUBDIVISION), BLOCK 13 LOT 23","PATEL SHASHIKANT N & HEMLATA",""
"1117966","17673-013-0420",,"9634 TORRINGTON  SAN ANTONIO, TX 78251","NCB 17673 (AVIARA SUBDIVISION), BLOCK 13 LOT 42","PATEL HIREN",""
"1043484","17674-005-0270",,"9603 CAFE TER  SAN ANTONIO, TX 78251","NCB 17674  BLK 5  LOT 27         LEGACY TRAILS CELL -4 SUB'D","SURENDRA KARTHIK PINNINTI",""
"687018","18040-013-0320",,"2657 WESTOVER VW  SAN ANTONIO, TX 78251","NCB 18040   BLK 13  LOT 32  WESTOVER RIDGE UT-6","1998 ANIL YADAVS FAMILY TRUST",""
"1068176","18049-003-0360",,"8303 GRISSOM GATE  SAN ANTONIO, TX 78251","NCB 18049 (GRISSOM TRAILS SUBD PHASE-1), BLOCK 3 LOT 36","TONDIVAR AMIR",""
"1099341","18049-004-0080",,"3710 GRISSOM OAKS  SAN ANTONIO, TX 78251","NCB 18049 (GRISSOM TRAILS SUBD PH-3), BLOCK 4 LOT 8","SANKAT EDWARD & SANKAT BHANMATTIE",""
"1183861","18049-004-0190",,"3931 GRISSOM WOODS  SAN ANTONIO, TX 78251","NCB 18049 (GRISSOM TRAILS PH-5A), BLOCK 4 LOT 19","KAUR HARLEEN",""
"1183866","18049-005-0160",,"8219 GRISSOM PASS  SAN ANTONIO, TX 78251","NCB 18049 (GRISSOM TRAILS PH-5A), BLOCK 5 LOT 16","MOHASHIN SARKER MOHAMMED &",""
"1135380","18049-007-0090",,"8006 GRISSOM CRST  SAN ANTONIO, TX 78251","NCB 18049 (GRISSOM TRAILS SUBDIVISION PHASE-4, P.U.D.), BLOCK 7 LOT 9","VARGHESE TENY E & PAUL LINDA C",""
"1135397","18049-008-0160",,"8023 GRISSOM CRST  SAN ANTONIO, TX 78251","NCB 18049 (GRISSOM TRAILS SUBDIVISION PHASE-4, P.U.D.), BLOCK 8 LOT 16","KASHINATH KUMAR & GUMUDAVALLI SHIREESHA",""
"1135427","18049-010-0520",,"3911 GRISSOM GRV  SAN ANTONIO, TX 78251","NCB 18049 (GRISSOM TRAILS SUBDIVISION PHASE-4, P.U.D.), BLOCK 10 LOT 52","RAMDASS TULMATIE & DHURPATTEE",""
"687647","18058-008-0570",,"7740 PIPERS VIEW ST  SAN ANTONIO, TX 78251","NCB  18058  BLK   8 LOT   57  ","PATAMALLA SATYANARAYANA MURTHY",""
"687963","18071-021-0060",,"7631 PIPERS SWAN ST  SAN ANTONIO, TX 78251","NCB  18071 BLK   21 LOT    6  ","SHAIKH JAWED & NEEMA",""
"688428","18083-000-0564",,"2890 MABE RD  SAN ANTONIO, TX 78251","NCB  18083   P-56A & P-56B  ","BEXAR COUNTY",""
"688429","18083-000-0565",,"7388 JOE NEWTON ST  SAN ANTONIO, TX 78251","NCB  18083   P-56C  ","BEXAR COUNTY",""
"688528","18086-001-0710",,"7711 CRYSTAL PT  SAN ANTONIO, TX 78251","NCB 18086  BLK 1  LOT 71  LINDSEY PLACE SUBD UT-2","MUSTAFA SHAIKH A",""
"1303129","18282-002-0180",,"7711 SUNRISE CAY  SAN ANTONIO, TX 78251","NCB 18282 (CROWN HAVEN RESIDENTIAL), BLOCK 2 LOT 18","HASNAIN GHULAM & BANO ZAKIA",""
"696130","18283-005-0100",,"7843 HILLTOP CRST  SAN ANTONIO, TX 78251","NCB 18283   BLK 5   LOT 10 (CROWN MEADOWS UT-2) TIMBER RIDGE"" ANNEXATN""","ZAFARULLAH MOMIN",""
"696307","18287-002-0390",,"7534 HYATT ST  SAN ANTONIO, TX 78251","NCB 18287  BLK 2  LOT 39  (CULEBRA/POTRANCO ANNXTN)","RAFATI MALIK",""
"696420","18288-003-0020",,"7938 FOREST FOX ST  SAN ANTONIO, TX 78251","NCB 18288  BLK  3  LOT  2 (DORAL UT-5) TIMBER RIDGE"" ANNEXATN""","SHORT MALA & BISSOON PARBATIE",""
"1168406","18288-043-0330",,"1911 MUUGA MNR  SAN ANTONIO, TX 78251","NCB 18288 (ESTONIA SUBDIVISION UT-2), BLOCK 43 LOT 33","JAYESH BRINCY S & VARGHESE",""
"1168416","18288-043-0430",,"8710 YORMIS NEST  SAN ANTONIO, TX 78251","NCB 18288 (ESTONIA SUBDIVISION UT-2), BLOCK 43 LOT 43","SWAMINATHAN SUBASH & VENKATESAN GEETHA",""
"1207998","18288-043-0441",,"1907 ESTONIA GREY  SAN ANTONIO, TX 78251","NCB 18288 (ESTONIA UT-6 PHA & B, BLOCK 43 LOT 44 DUPLICATE LEGAL PID: 1168417","AKHTAR FATEMA ZAHRA & SHAMEEM",""
"1182535","18288-043-0820",,"1607 FINLAND PALM  SAN ANTONIO, TX 78251","NCB 18288 (ESTONIA UT-8 PH-A), BLOCK 43 LOT 82","KUMAR MANOJ & SUSHILA",""
"1182539","18288-043-0860",,"8622 LAHEEMA HBR  SAN ANTONIO, TX 78251","NCB 18288 (ESTONIA UT-8 PH-A), BLOCK 43 LOT 86","CHILLIMUNTHA RAMAKRISHNA R",""
"1107894","18288-044-0240",,"1911 VILJANDI MOON  SAN ANTONIO, TX 78251","NCB 18288 (ESTONIA SUBDIVISION UT-3), BLOCK 44 LOT 24","PAULSON SHIJI & PAULSON MADASSERY POULOSE",""
"1168434","18288-044-0420",,"8739 NARVA PLN  SAN ANTONIO, TX 78251","NCB 18288 (ESTONIA SUBDIVISION UT-2), BLOCK 44 LOT 42","KAUR HARPREET",""
"1159557","18288-049-0640",,"2122 ANTSLA SANDS  SAN ANTONIO, TX 78251","NCB 18288 (ESTONIA SUBDIVISION UT-4), BLOCK 49 LOT 64","PANDAY MANOJ & VASUDHA",""
"1159569","18288-049-0760",,"2002 ANTSLA SANDS  SAN ANTONIO, TX 78251","NCB 18288 (ESTONIA SUBDIVISION UT-4), BLOCK 49 LOT 76","VENKATAGIRI BHASKARA RAO",""
"1106179","18288-053-0070",,"2126 ESTONIA GATE  SAN ANTONIO, TX 78251","NCB 18288 (ESTONIA SUBDIVISION UT-1), BLOCK 53 LOT 7","ALEXANDER MALCOM MARSHALL & RATHINAM MALATHI",""
"1161057","18288-054-0240",,"1902 ESTONIA CV  SAN ANTONIO, TX 78251","NCB 18288 (ESTONIA SUBDIVISION UT-5R), BLOCK 54, LOT 24","KOTE VIVEK BHASKAR",""
"1161065","18288-054-0320",,"1811 ESTONIA CV  SAN ANTONIO, TX 78251","NCB 18288 (ESTONIA SUBDIVISION UT-5R), BLOCK 54, LOT 32","KANDIR YUSUF",""
"1107916","18288-056-0030",,"1819 LAKE PEIPSI  SAN ANTONIO, TX 78251","NCB 18288 (ESTONIA SUBDIVISION UT-3), BLOCK 56 LOT 3","MANN GUNEET JAWANDA & MANN KUSHAL PAL SINGH",""
"1182559","18288-057-0490",,"8602 KIHNU WILLOW  SAN ANTONIO, TX 78251","NCB 18288 (ESTONIA UT-8 PH-A), BLOCK 57 LOT 49","RAVI PREM KUMAR & KANAPANENI RUTHU PRABHAVATHI",""
"1207964","18288-063-0060",,"8623 KEILA ORCH  SAN ANTONIO, TX 78251","NCB 18288 (ESTONIA UT-8 PH B), BLOCK 63 LOT 6","KURIAN VIPIN & JOHN GILU EMILY",""
"1207977","18288-064-0030",,"8611 JOGEVA RISE  SAN ANTONIO, TX 78251","NCB 18288 (ESTONIA UT-8 PH B), BLOCK 64 LOT 3","DAVID PREM SAGAR KAMANURU & KASTURI SUJITHA",""
"1208022","18288-064-0120",,"8722 FINLANDIA ROCK  SAN ANTONIO, TX 78251","NCB 18288 (ESTONIA UT-6 PHA & B, BLOCK 64 LOT 12","PIDUGU BENJAMIN KRUPAKAR",""
"1182525","18288-065-0050",,"8619 KIHNU WILLOW  SAN ANTONIO, TX 78251","NCB 18288 (ESTONIA UT-8 PH-A), BLOCK 65 LOT 5","PATEL ANAND D",""
"1207954","18288-065-0120",,"8618 KEILA ORCH  SAN ANTONIO, TX 78251","NCB 18288 (ESTONIA UT-8 PH B), BLOCK 65 LOT 12","MUHAMMADI BASIR",""
"1207956","18288-065-0140",,"8610 KEILA ORCH  SAN ANTONIO, TX 78251","NCB 18288 (ESTONIA UT-8 PH B), BLOCK 65 LOT 14","VETURI RAMANAND & SUDHARANI NADIMINTI",""
"1180773","18288-066-0150",,"8531 LOSKA GRN  SAN ANTONIO, TX 78251","NCB 18288 (ESTONIA UT-7 PH-A), BLOCK 66 LOT 15","KUMARESAN PAKKIRI & DHANALAXMI",""
"1190397","18288-066-0280",,"8410 MERI LEAP  SAN ANTONIO, TX 78251","NCB 18288 (ESTONIA UT-7 PH-B), BLOCK 66, LOT 28","MOHMAD HIDAYTULLA & SHAIK HAZIRA",""
"1081936","18288-105-0170",,"MG ROAD  SAN ANTONIO, TX 78251","NCB 18288 (MG ROAD HOMES P.U.D), BLOCK 105 LOT 17/COMMON AREA /* PLAT DUPLICATES LOT 17 *18288-108-0171","MG ROAD DUPLEX OWNERS ASSOCIATION",""
"1082070","18288-105-0230",,"7927-7929 MG RD  SAN ANTONIO, TX 78251","NCB 18288 BLK 105 LOT 23(MG ROAD HOMES P.U.D.)","PEDDIGARI SRINIVASA & SITA",""
"1082063","18288-105-0340",,"7819 MG RD  SAN ANTONIO, TX 78251","NCB 18288 BLK 105 LOT 34(MG ROAD HOMES P.U.D.) //PERM OPEN SPACE//","PATEL SRUHAD",""
"701369","18406-003-0210",,"9118 THOMAS YORK BLVD  SAN ANTONIO, TX 78251","NCB 18406   BLK  3   LOT  21  MEADOWS AT WESTOVER HILLS","ANAND AMANDEEP &",""
"995403","18406-003-0600",,"923 DILLONS VIS  SAN ANTONIO, TX 78251","NCB 18406   BLK 3   LOT 60 (MEADOWS AT WESTOVER HILLS SUBD UNIT 5)","DESILVA HAKKINI TRISHANTHI MANJULA",""
"995410","18406-003-0670",,"902 JUSTIN TER  SAN ANTONIO, TX 78251","NCB 18406   BLK 3   LOT 67 (MEADOWS AT WESTOVER HILLS SUBD UNIT 5)","RAI AJAY & DICKEY MEGHNA",""
"701411","18406-010-0110",,"9434 MULBERRY PATH  SAN ANTONIO, TX 78251","NCB 18406   BLK 10   LOT 11  BRYCEWOOD UT-1","AYVAR MARUCELA JUANA USCAMAYTA",""
"1039102","18406-019-0020",,"9542 SAGE TER  SAN ANTONIO, TX 78251","NCB 18406 BLK 19 LOT 2             BRYCEWOOD UT-3","MAHIRA FAMILY TRUST",""
"1039112","18406-019-0120",,"9502 SAGE TER  SAN ANTONIO, TX 78251","NCB 18406 BLK 19 LOT 12           BRYCEWOOD UT-3","WAHEED ASAD MOHAMMED",""
"1175631","18820-001-0420",,"CULEBRA RD  SAN ANTONIO, TX 78251","NCB 18820 BLK 1 LOT 42 ( CULEBRA RD COMMERCIAL)","SHIVAM REAL ESTATE LLC",""
"716611","18820-009-0130",,"8311 SHALLOW CREEK DR  SAN ANTONIO, TX 78251","NCB 18820   BLK 9   LOT 13 (TIMBER RIDGE UT-5) TIMBER RIDGE"" ANNEXATN""","PAI VASUDEVA N & SUMAN V",""
"716766","18820-013-0300",,"2507 OAK RAIN  SAN ANTONIO, TX 78251","NCB 18820   BLK 13   LOT 30 (TIMBER RIDGE UT-9) TIMBER RIDGE"" ANNEXATN""","ANAYA JOSE & SUSAN",""
"1335708","18820-018-0440",,"2126 VILLAGE PKWY  SAN ANTONIO, TX 78251","NCB 18820 (REPLAT WESTOVER HILLS CJW), BLOCK 18 LOT 44","SUNDARAPANDIYAN PRIYADHARSHINI",""
"717091","18820-027-0130",,"8415 OAK CROSS  SAN ANTONIO, TX 78251","NCB 18820   BLK 27   LOT 13 (TIMBER RIDGE UT-8B) TIMBER RIDGE"" ANNEXATN""","PATEL SHEEL R",""
"717264","18820-036-0110",,"2827 OAK ML  SAN ANTONIO, TX 78251","NCB 18820   BLK  36  LOT 11 (TIMBER RIDGE UT-11) TIMBER RIDGE"" ANNEXATN""","SHAIKH SAIMA K",""
"717452","18820-041-0660",,"8327 TERRA FERNA  SAN ANTONIO, TX 78251","NCB 18820   BLK 41   LOT 66 (TIMBER RIDGE UT-15) TIMBER RIDGE"" ANNEXATN""","BERENJI MANSOOR",""
"717677","18820-048-0260",,"2558 LANTANA BND  SAN ANTONIO, TX 78251","NCB 18820   BLK 48  LOT 26 THE RESERVE AT WESTOVER HILLS UT-11","AZAD MUHAMMAD",""
"717848","18820-052-0260",,"9207 VINCA PASS  SAN ANTONIO, TX 78251","NCB 18820  BLK 52  LOT 26  RESERVE @ WESTOVER HILLS","KASTURI VIJAY SAI & KASTURI SITA RAMA LAKSHMI",""
"717856","18820-052-0340",,"2718 SAGE HOLW  SAN ANTONIO, TX 78251","NCB 18820  BLK 52  LOT 34  RESERVE @ WESTOVER HILLS","HASAN RANAK & JESMINE AHMED MUNNI",""
"717921","18820-053-0300",,"9118 OSAGE VLY  SAN ANTONIO, TX 78251","NCB 18820  BLK  53    LOT 30 RESERVE @ WESTOVER HILLS UT-14","MOONNUPARAYIL BEJOY J & JIJI LUKOSE",""
"718116","18820-080-0040",,"8818 ANSLEY BEND DR  SAN ANTONIO, TX 78251","NCB 18820   BLK 80   LOT 4  MEADOWS SUB'D UT-1A","FAROOQ SYED ALI",""
"1004924","18820-080-0390",,"9007 HILLTOP CROSSING DR  SAN ANTONIO, TX 78251","NCB 18820  BLK 80  LOT 39          MEADOWS SUB'D UT-3A","AWNG SENG & MU PLI & TSAI HKAWNG",""
"1004925","18820-080-0400",,"9011 HILLTOP CROSSING DR  SAN ANTONIO, TX 78251","NCB 18820  BLK 80  LOT 40          MEADOWS SUB'D UT-3A","BEBARTA VIKHYAT",""
"718227","18820-101-0040",,"9211 LAGUNA RIO  SAN ANTONIO, TX 78251","NCB 18820  BLK  101   LOT 4  THE VILLAGE SUB'D UT-9E","SALMAN UMER",""
"1003365","18820-104-0220",,"8623 BRISA ROYALE  SAN ANTONIO, TX 78251","NCB 18820 BLK 104 LOT 22 THE VILALGE SUBD UT-9F","SINGH RADHIKA MANAGEMENT TRUST",""
"1003386","18820-104-0330",,"8610 LAGUNA RIO  SAN ANTONIO, TX 78251","NCB 18820  BLK 104 LOT 33 THE VILLAGE  SUBD UT-9F","PATEL TEJASKUMAR & RITAL",""
"1003411","18820-105-0080",,"4514 CERCA ROYALE  SAN ANTONIO, TX 78251","NCB 18820  BLK 105 LOT 8 THE VILLAGE  SUBD UT-9F","VERMA SHAILENDRA",""
"1003494","18820-106-0440",,"8815 LAGUNA RIO  SAN ANTONIO, TX 78251","NCB 18820  BLK 106 LOT 44 THE VILLAGE  SUBD UT-9F""""","MONDAL MILON",""
"741461","19300-007-0340",,"10106 FIGARO CYN  SAN ANTONIO, TX 78251","NCB 19300  BLK  7  LOT 34  NORTH ELLISON PUD UT-2","AMBE IMMACULATE CHE",""
"741584","19300-020-0010",,"643 LEAFY RDG  SAN ANTONIO, TX 78251","NCB 19300  BLK  20  LOT  1  WESTOVER CROSSING SUB'D UT-4","HASSAN ZAINAB",""
"1029090","19300-020-0180",,"502 MATHIS MDW  SAN ANTONIO, TX 78251","NCB 19300  BLK 20  LOT 18  (WESTOVER CROSSING SUBD UT-6)","SINGH ARUN",""
"996122","19300-021-0270",,"715 BUTLER PT  SAN ANTONIO, TX 78251","NCB 19300  BLK 21  LOT 27 WESTOVER CROSSING SUBD UT-5 ","PARTHASARATHY MANOJ &",""
"741693","19300-035-0360",,"1035 MAGNOLIA HL  SAN ANTONIO, TX 78251","NCB 19300   BLK 35   LOT 36  MAGNOLIA HEIGHTS UT-1","SOBBI HEIBAL NAGHDI",""
"1044572","19300-038-0170",,"806 MAGNOLIA BND  SAN ANTONIO, TX 78251","NCB 19300 BLK 38 LOT 17         MAGNOLIA HEIGHTS SUB'D UT-3","SHAH NAVNEET",""
"1044593","19300-041-0190",,"9930 MAGNOLIA RUN  SAN ANTONIO, TX 78251","NCB 19300 BLK 41 LOT 19         MAGNOLIA HEIGHTS SUB'D UT-3","NABELSY SALIM",""
"1044611","19300-041-0280",,"9842 MAGNOLIA RUN  SAN ANTONIO, TX 78251","NCB 19300 BLK 41 LOT 28         MAGNOLIA HEIGHTS SUB'D UT-3","KATTIKAREN JOJU JOSEPH & JOJU SUNI",""
"1044613","19300-041-0300",,"9834 MAGNOLIA RUN  SAN ANTONIO, TX 78251","NCB 19300 BLK 41 LOT 30         MAGNOLIA HEIGHTS SUB'D UT-3","KHATRI ADRIT",""
"1285262","19300-045-0150",,"10111 WESTOVER BLUFF  SAN ANTONIO, TX 78251","NCB 19300 (THE VIEW AT POTRANCO), BLOCK 45 LOT 15","MUKHOPADHYAY PROTIK & BAGCHI BARNALI",""
"742348","19400-055-0220",,"550 LIMESTONE FLT  SAN ANTONIO, TX 78251","NCB 19400  BLK 55  LOT 22  SPRING VISTAS SUB'D UT-19","LANDA SARA",""
"742668","19400-062-0070",,"10226 LION HUNT  SAN ANTONIO, TX 78251","NCB 19400  BLK 62   LOT 7  SPRING VISTAS SUB'D UT-22","MAHARAJ RAJIV JAMWANT",""
"746947","34392-525-1000",,"LYNX RANGE  SAN ANTONIO, TX 78251","NCB 34392E BLK 25  LOT P-100 /DRG ROW/-SPRING VISTAS UT-4 POTRANCO/FM1604"" ANNEXATION""","BEXAR COUNTY",""
"746985","34392-525-2070",,"639 BOBCAT CRK  SAN ANTONIO, TX 78251","NCB 34392E BLK 25   LOT 207 SPRING VISTAS SUBD UT-6 POTRANCO/FM1604"" ANNEXATION""","AKBAR JAVED & QAMAR",""
"747011","34392-525-2330",,"614 LEOPARD HOLW  SAN ANTONIO, TX 78251","NCB 34392E BLK 25   LOT 233 SPRING VISTAS UT-4 POTRANCO/FM1604"" ANNEXATION""","GREWAL HARMEET S &",""
"747106","34392-527-1000",,"LION PATH  SAN ANTONIO, TX 78251","NCB 34392E BLK 27 LOT P-100 /DRAINAGE ROW/ POTRANCO/FM1604"" ANNEXATION""","BEXAR COUNTY",""
"747151","34392-530-0150",,"915 COUGAR COUNTRY  SAN ANTONIO, TX 78251","NCB 34392E   BLK 30   LOT 15 SPRING VISTAS UT-5 POTRANCO/FM1604"" ANNEXATION""","THOPPIL JOHN J",""
"747300","34392-536-0300",,"1434 COUGAR COUNTRY  SAN ANTONIO, TX 78251","NCB 34392E  BLK 36  LOT 30 SPRING VISTAS UT-8 POTRANCO/FM1604"" ANNEXATION""","PATEL KAMLESH B & JAYA K",""
"747367","34392-536-0970",,"1305 LEOPARD HUNT  SAN ANTONIO, TX 78251","NCB 34392E  BLK 36  LOT 97 SPRING VISTAS UT-10 POTRANCO/FM1604"" ANNEXATION""","TRIVEDI ROHAN",""
"747390","34392-537-0070",,"1235 COUGAR COUNTRY  SAN ANTONIO, TX 78251","NCB 34392E  BLK 37  LOT 7 SPRING VISTAS UT-8 POTRANCO/FM1604"" ANNEXATION""","SOBHANI FARID",""
