"PROPERTY ID","ACCOUNT","OWNER NAME","OWNER ADDRESS","SITUS ADDRESS","LEGAL DESCRIPTION","NEIGHBORHOOD CODE","ABSTRACT","SUBDIVISION","PROPERTY TYPE","2026 ASSESSED VALUE","2026 MARKET VALUE"
"R658404","R-17-W638-100C-0010","PALADUGU, NAGESH VENKATA & SHANTHI","3620 WOLF POINT WAY  LEANDER, TX 78641-6331","3620 WOLF POINT WAY, LEANDER, TX  78641","S13434 - BARKSDALE PH 1, BLOCK C, Lot 10, ACRES 0.211","L497524B"," ","S13434 - BARKSDALE PH 1","Real","$621,362","$621,362"
"R666608","R-17-W638-200A-0023","M/I HOMES OF AUSTIN LLC","7600 N CAPITAL OF TEXAS HWY BUILDING C SUITE 250 AUSTIN, TX 78731","3705 HELENA WAY, LEANDER, TX  78641","S13606 - BARKSDALE PH 2, BLOCK A, Lot 23, ACRES 0.183","L497524B"," ","S13606 - BARKSDALE PH 2","Real","$381,946","$381,946"
"R666626","R-17-W638-200D-0018","AMIRTHALINGAM, BARATHIRAJA & KANIMOZHI BARATHIRAJA","2028 SACO ST  LEANDER, TX 78641-6323","2028 SACO ST, LEANDER, TX  78641","S13606 - BARKSDALE PH 2, BLOCK D, Lot 18, ACRES 0.165","L497524B"," ","S13606 - BARKSDALE PH 2","Real","$671,601","$671,601"
"R658379","R-17-W638-100A-0009","SHANWARE, OMKAR MILIND & VARADA VINAY DHARMADHIKARI","2209 SACO ST  LEANDER, TX 78641-6325","2209 SACO ST, LEANDER, TX  78641","S13434 - BARKSDALE PH 1, BLOCK A, Lot 9, ACRES 0.158","L497524B"," ","S13434 - BARKSDALE PH 1","Real","$599,541","$599,541"
"R658392","R-17-W638-100B-0008","GOEL, SUMIT & MEGHA","3732 MISSOULA CV  LEANDER, TX 78641-6329","3732 MISSOULA CV, LEANDER, TX  78641","S13434 - BARKSDALE PH 1, BLOCK B, Lot 8, ACRES 0.342","L497524B"," ","S13434 - BARKSDALE PH 1","Real","$664,986","$664,986"
"R666616","R-17-W638-200D-0008","ANJUM ETSAM & TOOBA FAROOQ","2025 BILLINGS WAY  LEANDER, TX 78641-6344","2025 BILLINGS WAY, LEANDER, TX  78641","S13606 - BARKSDALE PH 2, BLOCK D, Lot 8, ACRES 0.165","L497524B"," ","S13606 - BARKSDALE PH 2","Real","$829,769","$829,769"
"R658377","R-17-W638-100A-0007","RAO, SHIVA SHANKAR VALLABHA & NETHRA","2217 SACO ST  LEANDER, TX 78641-6325","2217 SACO ST, LEANDER, TX  78641","S13434 - BARKSDALE PH 1, BLOCK A, Lot 7, ACRES 0.159","L497524B"," ","S13434 - BARKSDALE PH 1","Real","$610,701","$610,701"
"R658394","R-17-W638-100B-0010","BARKSDALE COMMUNITY ASSOCIATION INC","PO BOX 203310 AUSTIN, TX 78720","MISSOULA CV, LEANDER, TX  78641","S13434 - BARKSDALE PH 1, BLOCK B, Lot 10, ACRES 0.161, (LANDSCAPE LOT)","L497524B"," ","S13434 - BARKSDALE PH 1","Real","$300","$300"
"R658411","R-17-W638-100C-0017","RAM, SURESH BABU RAJA & SOWMIYA JAYARAMAN","2105 LOLO LN  LEANDER, TX 78641-6328","2105 LOLO LN, LEANDER, TX  78641","S13434 - BARKSDALE PH 1, BLOCK C, Lot 17, ACRES 0.2","L497524B"," ","S13434 - BARKSDALE PH 1","Real","$687,515","$687,515"
"R658428","R-17-W638-100D-0026","RAVINDRAN, VINOTH KUMAR & GAYATHRIDEVI GOVINDASAMY","3613 WOLF POINT WAY  LEANDER, TX 78641-6331","3613 WOLF POINT WAY, LEANDER, TX  78641","S13434 - BARKSDALE PH 1, BLOCK D, Lot 26, ACRES 0.147","L497524B"," ","S13434 - BARKSDALE PH 1","Real","$616,043","$616,043"
"R658376","R-17-W638-100A-0006","SWAAMINATHAN, CHANDRAMOHAN & SUNITHA MURALI","2221 SACO ST  LEANDER, TX 78641-6325","2221 SACO ST, LEANDER, TX  78641","S13434 - BARKSDALE PH 1, BLOCK A, Lot 6, ACRES 0.142","L497524B"," ","S13434 - BARKSDALE PH 1","Real","$600,921","$600,921"
"R658378","R-17-W638-100A-0008","BEKKINKERI, CHETAN MAHADAV & FNU SHILPA SOMASHEKHAR","2213 SACO ST  LEANDER, TX 78641-6325","2213 SACO ST, LEANDER, TX  78641","S13434 - BARKSDALE PH 1, BLOCK A, Lot 8, ACRES 0.16","L497524B"," ","S13434 - BARKSDALE PH 1","Real","$676,008","$676,008"
"R658393","R-17-W638-100B-0009","ABDUL, WAHAB & NISA RAHIM","3736 MISSOULA CV  LEANDER, TX 78641-6329","3736 MISSOULA CV, LEANDER, TX  78641","S13434 - BARKSDALE PH 1, BLOCK B, Lot 9, ACRES 0.171","L497524B"," ","S13434 - BARKSDALE PH 1","Real","$683,171","$683,171"
"R658395","R-17-W638-100C-0001","BARKSDALE COMMUNITY ASSOCIATION INC","PO BOX 203310 AUSTIN, TX 78720","PLENTYWOOD LN, LEANDER, TX  78641","S13434 - BARKSDALE PH 1, BLOCK C, Lot 1, ACRES 0.773, (OPEN SPACE)","L497524B"," ","S13434 - BARKSDALE PH 1","Real","$232","$232"
"R658410","R-17-W638-100C-0016","DURAISAMY, HARIHARASUDHAN & DHARANI ARUMUGAM","2108 BILLINGS WAY  LEANDER, TX 78641-6330","2108 BILLINGS WAY, LEANDER, TX  78641","S13434 - BARKSDALE PH 1, BLOCK C, Lot 16, ACRES 0.19","L497524B"," ","S13434 - BARKSDALE PH 1","Real","$678,295","$678,295"
"R658427","R-17-W638-100D-0025","KIM, DANIEL & YEWON LEE","3609 WOLF POINT WAY  LEANDER, TX 78641-6331","3609 WOLF POINT WAY, LEANDER, TX  78641","S13434 - BARKSDALE PH 1, BLOCK D, Lot 25, ACRES 0.193","L497524B"," ","S13434 - BARKSDALE PH 1","Real","$657,089","$657,089"
"R666600","R-17-W638-200A-0015","BARKSDALE COMMUNITY ASSOCIATION INC","PO BOX 203310 AUSTIN, TX 78720","HELENA WAY, LEANDER, TX  78641","S13606 - BARKSDALE PH 2, BLOCK A, Lot 15, ACRES 0.91, (OPEN SPACE)","L497524B"," ","S13606 - BARKSDALE PH 2","Real","$300","$300"
"R666602","R-17-W638-200A-0017","MUNOZ, RILEY & YOUNGMEE","3613 HELENA WAY  LEANDER, TX 78641-6342","3613 HELENA WAY, LEANDER, TX  78641","S13606 - BARKSDALE PH 2, BLOCK A, Lot 17, ACRES 0.169","L497524B"," ","S13606 - BARKSDALE PH 2","Real","$553,456","$553,456"
"R658371","R-17-W638-100A-0001","BARKSDALE COMMUNITY ASSOCIATION INC","PO BOX 203310 AUSTIN, TX 78720","2133 PLENTYWOOD LN, LEANDER, TX  78641","S13434 - BARKSDALE PH 1, BLOCK A, Lot 1, ACRES 16.802, (OPEN SPACE)","L497524B"," ","S13434 - BARKSDALE PH 1","Real","$5,041","$5,041"
"R658398","R-17-W638-100C-0004","RAVISHANKAR, SRIJIT & DHIVYA SWAMINATHAN","2212 SACO ST  LEANDER, TX 78641-6325","2212 SACO ST, LEANDER, TX  78641","S13434 - BARKSDALE PH 1, BLOCK C, Lot 4, ACRES 0.155","L497524B"," ","S13434 - BARKSDALE PH 1","Real","$666,631","$666,631"
"R658400","R-17-W638-100C-0006","MANSATA, OMKAR M & KRUTI P","2204 SACO ST  LEANDER, TX 78641-6325","2204 SACO ST, LEANDER, TX  78641","S13434 - BARKSDALE PH 1, BLOCK C, Lot 6, ACRES 0.202","L497524B"," ","S13434 - BARKSDALE PH 1","Real","$680,650","$680,650"
"R666622","R-17-W638-200D-0014","XU, JIN & HANNAH S SULLINS","2012 SACO ST  LEANDER, TX 78641-6323","2012 SACO ST, LEANDER, TX  78641","S13606 - BARKSDALE PH 2, BLOCK D, Lot 14, ACRES 0.165","L497524B"," ","S13606 - BARKSDALE PH 2","Real","$623,111","$623,111"
"R666629","R-17-W638-200E-0003","BURRE, BHAGYA NAGESWARA RAO & RAMA LAKSHMI VENKATA KEERTHI","2025 LOLO LN  LEANDER, TX 78641-6345","2025 LOLO LN, LEANDER, TX  78641","S13606 - BARKSDALE PH 2, BLOCK E, Lot 3, ACRES 0.138","L497524B"," ","S13606 - BARKSDALE PH 2","Real","$692,046","$692,046"
"R666617","R-17-W638-200D-0009","RAMAKRISHNAN, THIAGARAJAN & APURVA KRISHNAN KRISHNAN","2021 BILLINGS WAY  LEANDER, TX 78641-6344","2021 BILLINGS WAY, LEANDER, TX  78641","S13606 - BARKSDALE PH 2, BLOCK D, Lot 9, ACRES 0.165","L497524B"," ","S13606 - BARKSDALE PH 2","Real","$745,631","$745,631"
"R666619","R-17-W638-200D-0011","M/I HOMES OF AUSTIN LLC","7600 N CAPITAL OF TEXAS HWY BUILDING C SUITE 250 AUSTIN, TX 78731","2013 BILLINGS WAY, LEANDER, TX  78641","S13606 - BARKSDALE PH 2, BLOCK D, Lot 11, ACRES 0.165","L497524B"," ","S13606 - BARKSDALE PH 2","Real","$752,714","$752,714"
"R658429","R-17-W638-100D-0027","SINGH, SAMARESH KUMAR & AMRITA","3617 WOLF POINT WAY  LEANDER, TX 78641-6331","3617 WOLF POINT WAY, LEANDER, TX  78641","S13434 - BARKSDALE PH 1, BLOCK D, Lot 27, ACRES 0.175","L497524B"," ","S13434 - BARKSDALE PH 1","Real","$680,701","$680,701"
"R658380","R-17-W638-100A-0010","SHAH, NIRALKUMAR & HEMA","2205 SACO ST  LEANDER, TX 78641-6325","2205 SACO ST, LEANDER, TX  78641","S13434 - BARKSDALE PH 1, BLOCK A, Lot 10, ACRES 0.149","L497524B"," ","S13434 - BARKSDALE PH 1","Real","$662,034","$662,034"
"R658382","R-17-W638-100A-0012","MANIAR, CHANDRESH & JAYSHREE","2129 SACO ST  LEANDER, TX 78641-6324","2129 SACO ST, LEANDER, TX  78641","S13434 - BARKSDALE PH 1, BLOCK A, Lot 12, ACRES 0.222","L497524B"," ","S13434 - BARKSDALE PH 1","Real","$680,434","$680,434"
"R658391","R-17-W638-100B-0007","M/I HOMES OF AUSTIN LLC","7600 N CAPITAL OF TEXAS HWY BUILDING C SUITE 250 AUSTIN, TX 78731","3717 PLENTYWOOD LN, LEANDER, TX  78641","S13434 - BARKSDALE PH 1, BLOCK B, Lot 7, ACRES 0.237","L497524B"," ","S13434 - BARKSDALE PH 1","Real","$673,037","$673,037"
"R666604","R-17-W638-200A-0019","VARGA, PAUL & YUWEI XIE & ZHIHONG TAO & YAOLONG XIE","3621 HELENA WAY  LEANDER, TX 78641-6342","3621 HELENA WAY, LEANDER, TX  78641","S13606 - BARKSDALE PH 2, BLOCK A, Lot 19, ACRES 0.185","L497524B"," ","S13606 - BARKSDALE PH 2","Real","$676,385","$676,385"
"R666638","R-17-W638-200E-0012","MADAN GOPAL TULISI RAM & RAJAMATHANGI SETHURATHINAM","2024 BILLINGS WAY  LEANDER, TX 78641-6344","2024 BILLINGS WAY, LEANDER, TX  78641","S13606 - BARKSDALE PH 2, BLOCK E, Lot 12, ACRES 0.165","L497524B"," ","S13606 - BARKSDALE PH 2","Real","$571,938","$571,938"
"R666610","R-17-W638-200A-0025","SAINATH REDDY KANCHARLA & CHIGARAPALLIS REDDY","3713 HELENA WAY  LEANDER, TX 78641-6343","3713 HELENA WAY, LEANDER, TX  78641","S13606 - BARKSDALE PH 2, BLOCK A, Lot 25, ACRES 0.182","L497524B"," ","S13606 - BARKSDALE PH 2","Real","$534,242","$534,242"
"R666611","R-17-W638-200A-0026","TURNER AUSTIN & BRITTANY CAMACHO","3717 HELENA WAY  LEANDER, TX 78641-6343","3717 HELENA WAY, LEANDER, TX  78641","S13606 - BARKSDALE PH 2, BLOCK A, Lot 26, ACRES 0.181","L497524B"," ","S13606 - BARKSDALE PH 2","Real","$555,071","$555,071"
"R658385","R-17-W638-100B-0001","BARKSDALE COMMUNITY ASSOCIATION INC","PO BOX 203310 AUSTIN, TX 78720","PLENTYWOOD LN, LEANDER, TX  78641","S13434 - BARKSDALE PH 1, BLOCK B, Lot 1, ACRES 0.436, (OPEN SPACE)","L497524B"," ","S13434 - BARKSDALE PH 1","Real","$131","$131"
"R658417","R-17-W638-100D-0002","PEDDAIAHGARI, ANURAG & SHIVANI ARYASOMAYAJULA","2117 BILLINGS WAY  LEANDER, TX 78641-6330","2117 BILLINGS WAY, LEANDER, TX  78641","S13434 - BARKSDALE PH 1, BLOCK D, Lot 2, ACRES 0.14","L497524B"," ","S13434 - BARKSDALE PH 1","Real","$662,310","$662,310"
"R658420","R-17-W638-100D-0005","AITHA, MALLIKARJUN & SAHITHI PABBA","2105 BILLINGS WAY  LEANDER, TX 78641-6330","2105 BILLINGS WAY, LEANDER, TX  78641","S13434 - BARKSDALE PH 1, BLOCK D, Lot 5, ACRES 0.165","L497524B"," ","S13434 - BARKSDALE PH 1","Real","$682,069","$682,069"
"R658421","R-17-W638-100D-0019","JAFFARALI, DAWOOD ZAHEERULLAH DAWOODBAVA & HAJEERA MUSHTAK ALI","2032 SACO ST  LEANDER, TX 78641-6323","2032 SACO ST, LEANDER, TX  78641","S13434 - BARKSDALE PH 1, BLOCK D, Lot 19, ACRES 0.165","L497524B"," ","S13434 - BARKSDALE PH 1","Real","$692,433","$692,433"
"R658412","R-17-W638-100C-0018","ANAIANNAN, NARAYANA GANESH & CHITRA PALANIVEL","2109 LOLO LN  LEANDER, TX 78641-6328","2109 LOLO LN, LEANDER, TX  78641","S13434 - BARKSDALE PH 1, BLOCK C, Lot 18, ACRES 0.16","L497524B"," ","S13434 - BARKSDALE PH 1","Real","$668,378","$668,378"
"R666634","R-17-W638-200E-0008","VARADHAN DHINAKARAN & PADAMAVATHY JAYABALAN","2008 BILLINGS WAY  LEANDER, TX 78641-6344","2008 BILLINGS WAY, LEANDER, TX  78641","S13606 - BARKSDALE PH 2, BLOCK E, Lot 8, ACRES 0.206","L497524B"," ","S13606 - BARKSDALE PH 2","Real","$817,002","$817,002"
"R666636","R-17-W638-200E-0010","SU, ANCHENG & FANGYI LEE","2016 BILLINGS WAY  LEANDER, TX 78641-6344","2016 BILLINGS WAY, LEANDER, TX  78641","S13606 - BARKSDALE PH 2, BLOCK E, Lot 10, ACRES 0.165","L497524B"," ","S13606 - BARKSDALE PH 2","Real","$579,187","$579,187"
"R666644","R-17-W638-200F-0008","AGRAWAL, ANUJ & HIMANI","2020 LOLO LN  LEANDER, TX 78641-6345","2020 LOLO LN, LEANDER, TX  78641","S13606 - BARKSDALE PH 2, BLOCK F, Lot 8, ACRES 0.141","L497524B"," ","S13606 - BARKSDALE PH 2","Real","$612,194","$612,194"
"R658386","R-17-W638-100B-0002","M/I HOMES OF AUSTIN LLC","7600 N CAPITAL OF TEXAS HWY BUILDING C SUITE 250 AUSTIN, TX 78731","3716 PLENTYWOOD LN, LEANDER, TX  78641","S13434 - BARKSDALE PH 1, BLOCK B, Lot 2, ACRES 0.187","L497524B"," ","S13434 - BARKSDALE PH 1","Real","$125,500","$125,500"
"R658401","R-17-W638-100C-0007","KAITHA, SRUTHI VEENA & REVENTH RAJ YATA","3608 WOLF POINT WAY  LEANDER, TX 78641-6331","3608 WOLF POINT WAY, LEANDER, TX  78641","S13434 - BARKSDALE PH 1, BLOCK C, Lot 7, ACRES 0.206","L497524B"," ","S13434 - BARKSDALE PH 1","Real","$681,336","$681,336"
"R666612","R-17-W638-200A-0027","M/I HOMES OF AUSTIN LLC","7600 N CAPITAL OF TEXAS HWY BUILDING C SUITE 250 AUSTIN, TX 78731","3721 HELENA WAY, LEANDER, TX  78641","S13606 - BARKSDALE PH 2, BLOCK A, Lot 27, ACRES 0.181","L497524B"," ","S13606 - BARKSDALE PH 2","Real","$125,500","$125,500"
"R666623","R-17-W638-200D-0015","TIPPIREDDY, NAMRATHA REDDY & MAHEEDHAR GUNNAM","2016 SACO ST  LEANDER, TX 78641-6323","2016 SACO ST, LEANDER, TX  78641","S13606 - BARKSDALE PH 2, BLOCK D, Lot 15, ACRES 0.165","L497524B"," ","S13606 - BARKSDALE PH 2","Real","$692,426","$692,426"
"R666637","R-17-W638-200E-0011","POLEPALLI, VENKAT RAJESH & SUMALATHA","2020 BILLINGS WAY  LEANDER, TX 78641-6344","2020 BILLINGS WAY, LEANDER, TX  78641","S13606 - BARKSDALE PH 2, BLOCK E, Lot 11, ACRES 0.165","L497524B"," ","S13606 - BARKSDALE PH 2","Real","$703,470","$703,470"
"R658397","R-17-W638-100C-0003","RENGAN, RAJESH & PADMA SUNDARAM","2216 SACO ST  LEANDER, TX 78641-6325","2216 SACO ST, LEANDER, TX  78641","S13434 - BARKSDALE PH 1, BLOCK C, Lot 3, ACRES 0.138","L497524B"," ","S13434 - BARKSDALE PH 1","Real","$606,773","$606,773"
"R658408","R-17-W638-100C-0014","SATARAJUPALLI, SREE VISHNU & MADHURI BOMMINA","2116 BILLINGS WAY  LEANDER, TX 78641-6330","2116 BILLINGS WAY, LEANDER, TX  78641","S13434 - BARKSDALE PH 1, BLOCK C, Lot 14, ACRES 0.139","L497524B"," ","S13434 - BARKSDALE PH 1","Real","$606,323","$606,323"
"R658415","R-17-W638-100C-0021","GOPANI, ANKIT & LISABEN ANKITKUMAR","2121 LOLO LN  LEANDER, TX 78641-6328","2121 LOLO LN, LEANDER, TX  78641","S13434 - BARKSDALE PH 1, BLOCK C, Lot 21, ACRES 0.163","L497524B"," ","S13434 - BARKSDALE PH 1","Real","$688,000","$688,000"
"R658373","R-17-W638-100A-0003","VYAS, DAIVIK & PRIYANGI","3700 PLENTYWOOD LN  LEANDER, TX 78641-6327","3700 PLENTYWOOD LN, LEANDER, TX  78641","S13434 - BARKSDALE PH 1, BLOCK A, Lot 3, ACRES 0.156","L497524B"," ","S13434 - BARKSDALE PH 1","Real","$670,414","$670,414"
"R658432","R-17-W638-100F-0003","M/I HOMES OF AUSTIN LLC","7600 N CAPITAL OF TEXAS HWY BUILDING C SUITE 250 AUSTIN, TX 78731","2104 LOLO LN, LEANDER, TX  78641","S13434 - BARKSDALE PH 1, BLOCK F, Lot 3, ACRES 0.165","L497524B"," ","S13434 - BARKSDALE PH 1","Real","$125,500","$125,500"
"R666620","R-17-W638-200D-0012","TODKAR, PRAVIN & TRIVENI CHILWANT","2009 BILLINGS WAY  LEANDER, TX 78641-6344","2009 BILLINGS WAY, LEANDER, TX  78641","S13606 - BARKSDALE PH 2, BLOCK D, Lot 12, ACRES 0.206","L497524B"," ","S13606 - BARKSDALE PH 2","Real","$674,117","$674,117"
"R666631","R-17-W638-200E-0005","VEMPATI, HARISH & KALPAVALLI ADAVIKOLANU","2017 LOLO LN  LEANDER, TX 78641-6345","2017 LOLO LN, LEANDER, TX  78641","S13606 - BARKSDALE PH 2, BLOCK E, Lot 5, ACRES 0.138","L497524B"," ","S13606 - BARKSDALE PH 2","Real","$696,476","$696,476"
"R658375","R-17-W638-100A-0005","RENGASAMY, JEYARAM & GIRIJA KANTHA RAJ","3632 PLENTYWOOD LN  LEANDER, TX 78641-6326","3632 PLENTYWOOD LN, LEANDER, TX  78641","S13434 - BARKSDALE PH 1, BLOCK A, Lot 5, ACRES 0.137","L497524B"," ","S13434 - BARKSDALE PH 1","Real","$593,333","$593,333"
"R658396","R-17-W638-100C-0002","GIRI, ANAND & JYOTIKA","2220 SACO ST  LEANDER, TX 78641-6325","2220 SACO ST, LEANDER, TX  78641","S13434 - BARKSDALE PH 1, BLOCK C, Lot 2, ACRES 0.178","L497524B"," ","S13434 - BARKSDALE PH 1","Real","$651,001","$651,001"
"R658405","R-17-W638-100C-0011","ZHANG, RENPENG & YIJING ZHAO","2128 BILLINGS WAY  LEANDER, TX 78641-6330","2128 BILLINGS WAY, LEANDER, TX  78641","S13434 - BARKSDALE PH 1, BLOCK C, Lot 11, ACRES 0.296","L497524B"," ","S13434 - BARKSDALE PH 1","Real","$663,113","$663,113"
"R658407","R-17-W638-100C-0013","SAVANUR, CHANDRASHEKHAR & VIDYA RANI DEVARAJ","2120 BILLINGS WAY  LEANDER, TX 78641-6330","2120 BILLINGS WAY, LEANDER, TX  78641","S13434 - BARKSDALE PH 1, BLOCK C, Lot 13, ACRES 0.147","L497524B"," ","S13434 - BARKSDALE PH 1","Real","$686,495","$686,495"
"R658430","R-17-W638-100F-0001","BARKSDALE COMMUNITY ASSOCIATION INC","PO BOX 203310 AUSTIN, TX 78720","2120 LOLO LN, LEANDER, TX  78641","S13434 - BARKSDALE PH 1, BLOCK F, Lot 1, ACRES 0.182, (HOA LANDSCAPE)","L497524B"," ","S13434 - BARKSDALE PH 1","Real","$300","$300"
"R658387","R-17-W638-100B-0003","M/I HOMES OF AUSTIN LLC","7600 N CAPITAL OF TEXAS HWY BUILDING C SUITE 250 AUSTIN, TX 78731","3720 PLENTYWOOD LN, LEANDER, TX  78641","S13434 - BARKSDALE PH 1, BLOCK B, Lot 3, ACRES 0.179","L497524B"," ","S13434 - BARKSDALE PH 1","Real","$125,500","$125,500"
"R658418","R-17-W638-100D-0003","MARUVADA, RAVI SHANKAR & VENKATA SHREELEKHA CHOPPALLI","2113 BILLINGS WAY  LEANDER, TX 78641-6330","2113 BILLINGS WAY, LEANDER, TX  78641","S13434 - BARKSDALE PH 1, BLOCK D, Lot 3, ACRES 0.157","L497524B"," ","S13434 - BARKSDALE PH 1","Real","$616,817","$616,817"
"R658419","R-17-W638-100D-0004","VAIDYA, PRASAD A & RUCHI B RUNGTA","2109 BILLINGS WAY  LEANDER, TX 78641-6330","2109 BILLINGS WAY, LEANDER, TX  78641","S13434 - BARKSDALE PH 1, BLOCK D, Lot 4, ACRES 0.156","L497524B"," ","S13434 - BARKSDALE PH 1","Real","$612,198","$612,198"
"R666609","R-17-W638-200A-0024","M/I HOMES OF AUSTIN LLC","7600 N CAPITAL OF TEXAS HWY BUILDING C SUITE 250 AUSTIN, TX 78731","3709 HELENA WAY, LEANDER, TX  78641","S13606 - BARKSDALE PH 2, BLOCK A, Lot 24, ACRES 0.182","L497524B"," ","S13606 - BARKSDALE PH 2","Real","$603,850","$603,850"
"R666627","R-17-W638-200E-0001","KANDIKATLA, SHARANYA & NARSIMHA SAMPATH KUMAR BEESA","2033 LOLO LN  LEANDER, TX 78641-6345","2033 LOLO LN, LEANDER, TX  78641","S13606 - BARKSDALE PH 2, BLOCK E, Lot 1, ACRES 0.178","L497524B"," ","S13606 - BARKSDALE PH 2","Real","$679,366","$679,366"
"R666641","R-17-W638-200F-0005","UGWU, CHIDIEBERE VICTOR & OGHENEYIRURO ORITSES","2032 LOLO LN  LEANDER, TX 78641-6345","2032 LOLO LN, LEANDER, TX  78641","S13606 - BARKSDALE PH 2, BLOCK F, Lot 5, ACRES 0.142","L497524B"," ","S13606 - BARKSDALE PH 2","Real","$653,942","$653,942"
"R658414","R-17-W638-100C-0020","DRUVARAJAN, RAKESH & NIKITHA DATARAM","2117 LOLO LN  LEANDER, TX 78641-6328","2117 LOLO LN, LEANDER, TX  78641","S13434 - BARKSDALE PH 1, BLOCK C, Lot 20, ACRES 0.161","L497524B"," ","S13434 - BARKSDALE PH 1","Real","$612,938","$612,938"
"R658416","R-17-W638-100D-0001","BARKSDALE COMMUNITY ASSOCIATION INC","PO BOX 203310 AUSTIN, TX 78720","2121 BILLINGS WAY, LEANDER, TX  78641","S13434 - BARKSDALE PH 1, BLOCK D, Lot 1, ACRES 0.088, (OPEN SPACE)","L497524B"," ","S13434 - BARKSDALE PH 1","Real","$26","$26"
"R666606","R-17-W638-200A-0021","KIM, MINJUN & SOHYUN PARK","3629 HELENA WAY  LEANDER, TX 78641-6342","3629 HELENA WAY, LEANDER, TX  78641","S13606 - BARKSDALE PH 2, BLOCK A, Lot 21, ACRES 0.184","L497524B"," ","S13606 - BARKSDALE PH 2","Real","$687,138","$687,138"
"R666640","R-17-W638-200F-0004","MEHTA KAVISH MUKESH & BIJAL KAMDAR","2036 LOLO LN  LEANDER, TX 78641-6345","2036 LOLO LN, LEANDER, TX  78641","S13606 - BARKSDALE PH 2, BLOCK F, Lot 4, ACRES 0.142","L497524B"," ","S13606 - BARKSDALE PH 2","Real","$550,022","$550,022"
"R666647","R-17-W638-200F-0011","RAGUNATHAN, BALAKUMAR & SUKANYA IYER","2008 LOLO LN  LEANDER, TX 78641-6345","2008 LOLO LN, LEANDER, TX  78641","S13606 - BARKSDALE PH 2, BLOCK F, Lot 11, ACRES 0.209","L497524B"," ","S13606 - BARKSDALE PH 2","Real","$749,507","$749,507"
"R658390","R-17-W638-100B-0006","M/I HOMES OF AUSTIN LLC","7600 N CAPITAL OF TEXAS HWY BUILDING C SUITE 250 AUSTIN, TX 78731","3721 PLENTYWOOD LN, LEANDER, TX  78641","S13434 - BARKSDALE PH 1, BLOCK B, Lot 6, ACRES 0.191","L497524B"," ","S13434 - BARKSDALE PH 1","Real","$125,500","$125,500"
"R658389","R-17-W638-100B-0005","M/I HOMES OF AUSTIN LLC","7600 N CAPITAL OF TEXAS HWY BUILDING C SUITE 250 AUSTIN, TX 78731","3725 PLENTYWOOD LN, LEANDER, TX  78641","S13434 - BARKSDALE PH 1, BLOCK B, Lot 5, ACRES 0.172","L497524B"," ","S13434 - BARKSDALE PH 1","Real","$125,500","$125,500"
"R658423","R-17-W638-100D-0021","JOSEPH, ALEX & ALKA","2104 SACO ST  LEANDER, TX 78641-6324","2104 SACO ST, LEANDER, TX  78641","S13434 - BARKSDALE PH 1, BLOCK D, Lot 21, ACRES 0.138","L497524B"," ","S13434 - BARKSDALE PH 1","Real","$686,495","$686,495"
"R658425","R-17-W638-100D-0023","GOTTIPATI, CHENCHU BHASKAR & SHILPA KOLLA","2112 SACO ST  LEANDER, TX 78641-6324","2112 SACO ST, LEANDER, TX  78641","S13434 - BARKSDALE PH 1, BLOCK D, Lot 23, ACRES 0.18","L497524B"," ","S13434 - BARKSDALE PH 1","Real","$637,702","$637,702"
"R666613","R-17-W638-200A-0028","SRIVASTAVA, UTKARSH & KRITIKA NIGAM","3725 HELENA WAY  LEANDER, TX 78641-6343","3725 HELENA WAY, LEANDER, TX  78641","S13606 - BARKSDALE PH 2, BLOCK A, Lot 28, ACRES 0.194","L497524B"," ","S13606 - BARKSDALE PH 2","Real","$397,948","$397,948"
"R666615","R-17-W638-200D-0007","KUMAR VIKASH & RITUPARNA CHAKRABORTY","2029 BILLINGS WAY  LEANDER, TX 78641-6344","2029 BILLINGS WAY, LEANDER, TX  78641","S13606 - BARKSDALE PH 2, BLOCK D, Lot 7, ACRES 0.165","L497524B"," ","S13606 - BARKSDALE PH 2","Real","$717,600","$717,600"
"R666645","R-17-W638-200F-0009","KUMAR SAMIR & ALKA KUMARI","2016 LOLO LN  LEANDER, TX 78641-6345","2016 LOLO LN, LEANDER, TX  78641","S13606 - BARKSDALE PH 2, BLOCK F, Lot 9, ACRES 0.141","L497524B"," ","S13606 - BARKSDALE PH 2","Real","$658,100","$658,100"
"R658381","R-17-W638-100A-0011","PAWAR, RAHUL M & MEGHA","2137 SACO ST  LEANDER, TX 78641-6324","2137 SACO ST, LEANDER, TX  78641","S13434 - BARKSDALE PH 1, BLOCK A, Lot 11, ACRES 0.146","L497524B"," ","S13434 - BARKSDALE PH 1","Real","$538,083","$538,083"
"R658388","R-17-W638-100B-0004","M/I HOMES OF AUSTIN LLC","7600 N CAPITAL OF TEXAS HWY BUILDING C SUITE 250 AUSTIN, TX 78731","3724 PLENTYWOOD LN, LEANDER, TX  78641","S13434 - BARKSDALE PH 1, BLOCK B, Lot 4, ACRES 0.16","L497524B"," ","S13434 - BARKSDALE PH 1","Real","$125,500","$125,500"
"R658424","R-17-W638-100D-0022","MANIVANNAN, DINESHKUMAR & NANDINI DEV","2108 SACO ST  LEANDER, TX 78641-6324","2108 SACO ST, LEANDER, TX  78641","S13434 - BARKSDALE PH 1, BLOCK D, Lot 22, ACRES 0.138","L497524B"," ","S13434 - BARKSDALE PH 1","Real","$615,444","$615,444"
"R658431","R-17-W638-100F-0002","M/I HOMES OF AUSTIN LLC","7600 N CAPITAL OF TEXAS HWY BUILDING C SUITE 250 AUSTIN, TX 78731","2112 LOLO LN, LEANDER, TX  78641","S13434 - BARKSDALE PH 1, BLOCK F, Lot 2, ACRES 0.169","L497524B"," ","S13434 - BARKSDALE PH 1","Real","$489,559","$489,559"
"R666621","R-17-W638-200D-0013","SHARMA, REETESH & ANUSHRI TIWARI","2008 SACO ST  LEANDER, TX 78641-6323","2008 SACO ST, LEANDER, TX  78641","S13606 - BARKSDALE PH 2, BLOCK D, Lot 13, ACRES 0.206","L497524B"," ","S13606 - BARKSDALE PH 2","Real","$619,370","$619,370"
"R658384","R-17-W638-100A-0014","HUI CHEN HUANG & DAVID WANG TRS OF THE HUI CHEN HUANG REVOCABLE TRUST","2121 SACO ST  LEANDER, TX 78641-6324","2121 SACO ST, LEANDER, TX  78641","S13434 - BARKSDALE PH 1, BLOCK A, Lot 14, ACRES 0.132","L497524B"," ","S13434 - BARKSDALE PH 1","Real","$611,847","$611,847"
"R658402","R-17-W638-100C-0008","YOGESH ANANT BENDRE & SEEMA YOGESH BENDRE CO-TRS OF THE BENDRE LIVING TRUST","3612 WOLF POINT WAY  LEANDER, TX 78641-6331","3612 WOLF POINT WAY, LEANDER, TX  78641","S13434 - BARKSDALE PH 1, BLOCK C, Lot 8, ACRES 0.173","L497524B"," ","S13434 - BARKSDALE PH 1","Real","$613,230","$613,230"
"R658403","R-17-W638-100C-0009","KOTHARI, BHAVIN BHIMRAJ & KINJAL BHAVIN","3616 WOLF POINT WAY  LEANDER, TX 78641-6331","3616 WOLF POINT WAY, LEANDER, TX  78641","S13434 - BARKSDALE PH 1, BLOCK C, Lot 9, ACRES 0.166","L497524B"," ","S13434 - BARKSDALE PH 1","Real","$688,357","$688,357"
"R666624","R-17-W638-200D-0016","RAJENDRAN, SURESH & NITHYALAKSHMI SOMASUNDARAM","2020 SACO ST  LEANDER, TX 78641-6323","2020 SACO ST, LEANDER, TX  78641","S13606 - BARKSDALE PH 2, BLOCK D, Lot 16, ACRES 0.165","L497524B"," ","S13606 - BARKSDALE PH 2","Real","$683,608","$683,608"
"R666625","R-17-W638-200D-0017","SAIL, AROOP & DARSHANA PRADEEP RANE","2024 SACO ST  LEANDER, TX 78641-6323","2024 SACO ST, LEANDER, TX  78641","S13606 - BARKSDALE PH 2, BLOCK D, Lot 17, ACRES 0.165","L497524B"," ","S13606 - BARKSDALE PH 2","Real","$688,747","$688,747"
"R666642","R-17-W638-200F-0006","PRADHAN, ANOOP SAGAR & DIBYADARSHANI SENAPATI","2028 LOLO LN  LEANDER, TX 78641-6345","2028 LOLO LN, LEANDER, TX  78641","S13606 - BARKSDALE PH 2, BLOCK F, Lot 6, ACRES 0.141","L497524B"," ","S13606 - BARKSDALE PH 2","Real","$587,054","$587,054"
"R666643","R-17-W638-200F-0007","RAMESHSUBRAMANIAN MANOJKUMAR KRISHNAN & SHYAMALA KAYATHRI SUBRAMANIAN","2024 LOLO LN  LEANDER, TX 78641-6345","2024 LOLO LN, LEANDER, TX  78641","S13606 - BARKSDALE PH 2, BLOCK F, Lot 7, ACRES 0.141","L497524B"," ","S13606 - BARKSDALE PH 2","Real","$672,744","$672,744"
"R658399","R-17-W638-100C-0005","KANCHI, RAMAKRISHNA REDDY & BHAGYALAKSHMI SATTI","2208 SACO ST  LEANDER, TX 78641-6325","2208 SACO ST, LEANDER, TX  78641","S13434 - BARKSDALE PH 1, BLOCK C, Lot 5, ACRES 0.171","L497524B"," ","S13434 - BARKSDALE PH 1","Real","$609,274","$609,274"
"R658406","R-17-W638-100C-0012","CHAE, KISUNG & YAEJI KWON","2124 BILLINGS WAY  LEANDER, TX 78641-6330","2124 BILLINGS WAY, LEANDER, TX  78641","S13434 - BARKSDALE PH 1, BLOCK C, Lot 12, ACRES 0.15","L497524B"," ","S13434 - BARKSDALE PH 1","Real","$594,735","$594,735"
"R658413","R-17-W638-100C-0019","JANJANAM, YUGANDHAR & MADHAVI BATTU","2113 LOLO LN  LEANDER, TX 78641-6328","2113 LOLO LN, LEANDER, TX  78641","S13434 - BARKSDALE PH 1, BLOCK C, Lot 19, ACRES 0.161","L497524B"," ","S13434 - BARKSDALE PH 1","Real","$667,253","$667,253"
"R666628","R-17-W638-200E-0002","CHAND, MANISH & PRIYA RAWAT","2029 LOLO LN  LEANDER, TX 78641-6345","2029 LOLO LN, LEANDER, TX  78641","S13606 - BARKSDALE PH 2, BLOCK E, Lot 2, ACRES 0.138","L497524B"," ","S13606 - BARKSDALE PH 2","Real","$616,009","$616,009"
"R658374","R-17-W638-100A-0004","PALANIAPPAN, EZHILARASAN & SETHUDIVYA KUDI THIRUPATHY","3636 PLENTYWOOD LN  LEANDER, TX 78641-6326","3636 PLENTYWOOD LN, LEANDER, TX  78641","S13434 - BARKSDALE PH 1, BLOCK A, Lot 4, ACRES 0.156","L497524B"," ","S13434 - BARKSDALE PH 1","Real","$691,371","$691,371"
"R666603","R-17-W638-200A-0018","BAIG, ATHER RASHEED & SEHRISH MASUD","3617 HELENA WAY  LEANDER, TX 78641-6342","3617 HELENA WAY, LEANDER, TX  78641","S13606 - BARKSDALE PH 2, BLOCK A, Lot 18, ACRES 0.185","L497524B"," ","S13606 - BARKSDALE PH 2","Real","$615,286","$615,286"
"R666607","R-17-W638-200A-0022","SEO, IKJAE & JIHYE BAE","3633 HELENA WAY  LEANDER, TX 78641-6342","3633 HELENA WAY, LEANDER, TX  78641","S13606 - BARKSDALE PH 2, BLOCK A, Lot 22, ACRES 0.183","L497524B"," ","S13606 - BARKSDALE PH 2","Real","$481,398","$481,398"
"R666614","R-17-W638-200D-0006","GHOLAP, VIRAJ VIJAY & SHAMBHAVI PANDEY","2033 BILLINGS WAY  LEANDER, TX 78641-6344","2033 BILLINGS WAY, LEANDER, TX  78641","S13606 - BARKSDALE PH 2, BLOCK D, Lot 6, ACRES 0.165","L497524B"," ","S13606 - BARKSDALE PH 2","Real","$825,465","$825,465"
"R666632","R-17-W638-200E-0006","ASHOK, ADARSH & PREETHI ANGIA KANNAN","2013 LOLO LN  LEANDER, TX 78641-6345","2013 LOLO LN, LEANDER, TX  78641","S13606 - BARKSDALE PH 2, BLOCK E, Lot 6, ACRES 0.165","L497524B"," ","S13606 - BARKSDALE PH 2","Real","$651,002","$651,002"
"R666639","R-17-W638-200E-0013","MOLDAKHMETOV BAURZHAN & MARZHAN MOLDAKHMETOVA","2028 BILLINGS WAY  LEANDER, TX 78641-6344","2028 BILLINGS WAY, LEANDER, TX  78641","S13606 - BARKSDALE PH 2, BLOCK E, Lot 13, ACRES 0.233","L497524B"," ","S13606 - BARKSDALE PH 2","Real","$741,198","$741,198"
"R666646","R-17-W638-200F-0010","SUDHAKARAN SANTEEP & ASWATHI SANTEEP","2012 LOLO LN  LEANDER, TX 78641-6345","2012 LOLO LN, LEANDER, TX  78641","S13606 - BARKSDALE PH 2, BLOCK F, Lot 10, ACRES 0.168","L497524B"," ","S13606 - BARKSDALE PH 2","Real","$771,793","$771,793"
"R658409","R-17-W638-100C-0015","LI, DAVID K W & JIAYING GU","2112 BILLINGS WAY  LEANDER, TX 78641-6330","2112 BILLINGS WAY, LEANDER, TX  78641","S13434 - BARKSDALE PH 1, BLOCK C, Lot 15, ACRES 0.155","L497524B"," ","S13434 - BARKSDALE PH 1","Real","$688,043","$688,043"
"R658426","R-17-W638-100D-0024","BAKTASH, HASHEM & JESSICA","2116 SACO ST  LEANDER, TX 78641-6324","2116 SACO ST, LEANDER, TX  78641","S13434 - BARKSDALE PH 1, BLOCK D, Lot 24, ACRES 0.207","L497524B"," ","S13434 - BARKSDALE PH 1","Real","$679,322","$679,322"
"R666601","R-17-W638-200A-0016","KUMAR, VIKRAM & MANJARI GAUTAM","3609 HELENA WAY  LEANDER, TX 78641-6342","3609 HELENA WAY, LEANDER, TX  78641","S13606 - BARKSDALE PH 2, BLOCK A, Lot 16, ACRES 0.181","L497524B"," ","S13606 - BARKSDALE PH 2","Real","$622,856","$622,856"
"R666618","R-17-W638-200D-0010","ANKAM ARUN KUMAR & SREEVEENA PALADI","2017 BILLINGS WAY  LEANDER, TX 78641-6344","2017 BILLINGS WAY, LEANDER, TX  78641","S13606 - BARKSDALE PH 2, BLOCK D, Lot 10, ACRES 0.165","L497524B"," ","S13606 - BARKSDALE PH 2","Real","$397,567","$397,567"
"R666633","R-17-W638-200E-0007","KUMAR, AMIT & ASHU DEVI","2009 LOLO LN  LEANDER, TX 78641-6345","2009 LOLO LN, LEANDER, TX  78641","S13606 - BARKSDALE PH 2, BLOCK E, Lot 7, ACRES 0.206","L497524B"," ","S13606 - BARKSDALE PH 2","Real","$683,518","$683,518"
"R666635","R-17-W638-200E-0009","EMMANUEL MATHEW & MINU ANTONY","2012 BILLINGS WAY  LEANDER, TX 78641-6344","2012 BILLINGS WAY, LEANDER, TX  78641","S13606 - BARKSDALE PH 2, BLOCK E, Lot 9, ACRES 0.165","L497524B"," ","S13606 - BARKSDALE PH 2","Real","$596,593","$596,593"
"R658372","R-17-W638-100A-0002","LOKARE, SHRIPRASAD RAJESH & DEEPTI SHRIPRASAD","3704 PLENTYWOOD LN  LEANDER, TX 78641-6327","3704 PLENTYWOOD LN, LEANDER, TX  78641","S13434 - BARKSDALE PH 1, BLOCK A, Lot 2, ACRES 0.144","L497524B"," ","S13434 - BARKSDALE PH 1","Real","$678,021","$678,021"
"R658383","R-17-W638-100A-0013","HUI CHEN HUANG & DAVID WANG TRS OF THE HUI CHEN HUANG REVOCABLE TRUST","2125 SACO ST  LEANDER, TX 78641-6324","2125 SACO ST, LEANDER, TX  78641","S13434 - BARKSDALE PH 1, BLOCK A, Lot 13, ACRES 0.17","L497524B"," ","S13434 - BARKSDALE PH 1","Real","$613,581","$613,581"
"R658422","R-17-W638-100D-0020","BISWAS, RITWIK & JHUMUR DHAR","2036 SACO ST  LEANDER, TX 78641-6323","2036 SACO ST, LEANDER, TX  78641","S13434 - BARKSDALE PH 1, BLOCK D, Lot 20, ACRES 0.165","L497524B"," ","S13434 - BARKSDALE PH 1","Real","$665,664","$665,664"
"R666605","R-17-W638-200A-0020","RAMAKRISHNAN, ASHWIN PUTTY & SWATHI GOVINDA RAO","3625 HELENA WAY  LEANDER, TX 78641-6342","3625 HELENA WAY, LEANDER, TX  78641","S13606 - BARKSDALE PH 2, BLOCK A, Lot 20, ACRES 0.184","L497524B"," ","S13606 - BARKSDALE PH 2","Real","$618,127","$618,127"
"R666630","R-17-W638-200E-0004","MAHATO, SATYABIR KUMAR & RANJITA","2021 LOLO LN  LEANDER, TX 78641-6345","2021 LOLO LN, LEANDER, TX  78641","S13606 - BARKSDALE PH 2, BLOCK E, Lot 4, ACRES 0.138","L497524B"," ","S13606 - BARKSDALE PH 2","Real","$616,009","$616,009"
